agency,mode,date,week_number,current_ridership,year,day_of_week,normalized_ridership
WMATA Bus and Rail,Transit,2022-06-05,24,266000,2022,Sunday,0.5865574615538819
WMATA Bus and Rail,Transit,2022-06-06,24,506000,2022,Monday,1.1157822388957301
WMATA Bus and Rail,Transit,2022-06-07,24,536000,2022,Tuesday,1.1819353360634612
WMATA Bus and Rail,Transit,2022-06-08,24,551000,2022,Wednesday,1.2150118846473268
WMATA Bus and Rail,Transit,2022-06-09,24,539000,2022,Thursday,1.1885506457802342
WMATA Bus and Rail,Transit,2022-06-10,24,537000,2022,Friday,1.1841404393023856
WMATA Bus and Rail,Transit,2022-06-11,24,389000,2022,Saturday,0.8577851599415791
WMATA Bus and Rail,Transit,2022-06-12,25,296000,2022,Sunday,0.6527105587216129
WMATA Bus and Rail,Transit,2022-06-13,25,518000,2022,Monday,1.1422434777628225
WMATA Bus and Rail,Transit,2022-06-14,25,549000,2022,Tuesday,1.210601678169478
WMATA Bus and Rail,Transit,2022-06-15,25,572000,2022,Wednesday,1.2613190526647384
WMATA Bus and Rail,Transit,2022-06-16,25,551000,2022,Thursday,1.2150118846473268
WMATA Bus and Rail,Transit,2022-06-17,25,543000,2022,Friday,1.1973710587359316
WMATA Bus and Rail,Transit,2022-06-18,25,400000,2022,Saturday,0.8820412955697471
WMATA Bus and Rail,Transit,2022-06-19,26,305000,2022,Sunday,0.6725564878719322
WMATA Bus and Rail,Transit,2022-06-20,26,331000,2022,Monday,0.7298891720839658
WMATA Bus and Rail,Transit,2022-06-21,26,536000,2022,Tuesday,1.1819353360634612
WMATA Bus and Rail,Transit,2022-06-22,26,525000,2022,Wednesday,1.1576792004352932
WMATA Bus and Rail,Transit,2022-06-23,26,507000,2022,Thursday,1.1179873421346544
WMATA Bus and Rail,Transit,2022-06-24,26,522000,2022,Friday,1.15106389071852
WMATA Bus and Rail,Transit,2022-06-25,26,363000,2022,Saturday,0.8004524757295455
New York City MTA Rail,Transit,2022-06-25,27,2287013,2022,Saturday,0.8614866092117944
New York City MTA Rail,Transit,2022-06-26,27,2012595,2022,Sunday,0.7581170908370924
WMATA Bus and Rail,Transit,2022-06-26,27,265000,2022,Sunday,0.5843523583149575
San Francisco BART Rail,Transit,2022-06-26,27,133905,2022,Sunday,1.1116388619083706
New York City MTA Rail,Transit,2022-06-27,27,2938858,2022,Monday,1.1070277315323331
WMATA Bus and Rail,Transit,2022-06-27,27,459000,2022,Monday,1.0121423866662849
San Francisco BART Rail,Transit,2022-06-27,27,121117,2022,Monday,1.005476748723021
New York City MTA Rail,Transit,2022-06-28,27,3255241,2022,Tuesday,1.226204893132313
WMATA Bus and Rail,Transit,2022-06-28,27,532000,2022,Tuesday,1.1731149231077638
San Francisco BART Rail,Transit,2022-06-28,27,143650,2022,Tuesday,1.1925389082792834
San Francisco BART Rail,Transit,2022-06-29,27,146086,2022,Wednesday,1.2127618444475279
New York City MTA Rail,Transit,2022-06-29,27,3256053,2022,Wednesday,1.2265107624591074
WMATA Bus and Rail,Transit,2022-06-29,27,522000,2022,Wednesday,1.15106389071852
San Francisco BART Rail,Transit,2022-06-30,27,139546,2022,Thursday,1.158468739956428
New York City MTA Rail,Transit,2022-06-30,27,3157979,2022,Thursday,1.189567624089611
WMATA Bus and Rail,Transit,2022-06-30,27,506000,2022,Thursday,1.1157822388957301
WMATA Bus and Rail,Transit,2022-07-01,27,483000,2022,Friday,1.0650648644004697
New York City MTA Rail,Transit,2022-07-01,27,2832840,2022,Friday,1.067092196694789
San Francisco BART Rail,Transit,2022-07-01,27,123370,2022,Friday,1.0241804741692668
WMATA Bus and Rail,Transit,2022-07-02,27,328000,2022,Saturday,0.7232738623671927
New York City MTA Rail,Transit,2022-07-02,28,1849135,2022,Saturday,0.696543937933388
San Francisco BART Rail,Transit,2022-07-02,27,77333,2022,Saturday,0.6419952063624214
WMATA Bus and Rail,Transit,2022-07-03,28,298000,2022,Sunday,0.6571207651994616
San Francisco BART Rail,Transit,2022-07-03,28,60912,2022,Sunday,0.5056730245813276
New York City MTA Rail,Transit,2022-07-03,28,1656683,2022,Sunday,0.6240498939922174
San Francisco BART Rail,Transit,2022-07-04,28,61609,2022,Monday,0.5114593080416177
New York City MTA Rail,Transit,2022-07-04,28,1610232,2022,Monday,0.6065524357423093
WMATA Bus and Rail,Transit,2022-07-04,28,387000,2022,Monday,0.8533749534637304
San Francisco BART Rail,Transit,2022-07-05,28,124095,2022,Tuesday,1.0301992051717206
WMATA Bus and Rail,Transit,2022-07-05,28,481000,2022,Tuesday,1.060654657922621
New York City MTA Rail,Transit,2022-07-05,28,2808749,2022,Tuesday,1.0580174455226177
San Francisco BART Rail,Transit,2022-07-06,28,137052,2022,Wednesday,1.1377643053079871
WMATA Bus and Rail,Transit,2022-07-06,28,518000,2022,Wednesday,1.1422434777628225
New York City MTA Rail,Transit,2022-07-06,28,3072910,2022,Wednesday,1.157523291871544
WMATA Bus and Rail,Transit,2022-07-07,28,508000,2022,Thursday,1.1201924453735788
New York City MTA Rail,Transit,2022-07-07,28,3122067,2022,Thursday,1.1760400634198578
San Francisco BART Rail,Transit,2022-07-07,28,135560,2022,Thursday,1.125378171989834
WMATA Bus and Rail,Transit,2022-07-08,28,493000,2022,Friday,1.0871158967897134
San Francisco BART Rail,Transit,2022-07-08,28,123809,2022,Friday,1.027824919562477
New York City MTA Rail,Transit,2022-07-08,28,2907947,2022,Friday,1.0953839793641793
WMATA Bus and Rail,Transit,2022-07-09,28,278000,2022,Saturday,0.6130187004209743
San Francisco BART Rail,Transit,2022-07-09,28,79350,2022,Saturday,0.6587397310961444
New York City MTA Rail,Transit,2022-07-09,29,2063982,2022,Saturday,0.7774738729750018
San Francisco BART Rail,Transit,2022-07-10,29,60609,2022,Sunday,0.5031576101071986
WMATA Bus and Rail,Transit,2022-07-10,29,271000,2022,Sunday,0.5975829777485037
New York City MTA Rail,Transit,2022-07-10,29,1683057,2022,Sunday,0.6339846201312258
WMATA Bus and Rail,Transit,2022-07-11,29,496000,2022,Monday,1.0937312065064864
San Francisco BART Rail,Transit,2022-07-11,29,122995,2022,Monday,1.02106733744386
New York City MTA Rail,Transit,2022-07-11,29,2882750,2022,Monday,1.0858926130744777
WMATA Bus and Rail,Transit,2022-07-12,29,532000,2022,Tuesday,1.1731149231077638
New York City MTA Rail,Transit,2022-07-12,29,3155100,2022,Tuesday,1.1884831440503978
San Francisco BART Rail,Transit,2022-07-12,29,145279,2022,Tuesday,1.2060623742144518
New York City MTA Rail,Transit,2022-07-13,29,3235923,2022,Wednesday,1.2189280659709663
San Francisco BART Rail,Transit,2022-07-13,29,145043,2022,Wednesday,1.204103173501929
WMATA Bus and Rail,Transit,2022-07-13,29,558000,2022,Wednesday,1.2304476073197972
San Francisco BART Rail,Transit,2022-07-14,29,144092,2022,Thursday,1.1962082587662966
New York City MTA Rail,Transit,2022-07-14,29,3209517,2022,Thursday,1.2089812858683404
WMATA Bus and Rail,Transit,2022-07-14,29,553000,2022,Thursday,1.2194220911251754
New York City MTA Rail,Transit,2022-07-15,29,3027178,2022,Friday,1.1402966711166667
San Francisco BART Rail,Transit,2022-07-15,29,126737,2022,Friday,1.0521322911144555
WMATA Bus and Rail,Transit,2022-07-15,29,520000,2022,Friday,1.1466536842406714
San Francisco BART Rail,Transit,2022-07-16,29,83108,2022,Saturday,0.6899375119336908
WMATA Bus and Rail,Transit,2022-07-16,29,348000,2022,Saturday,0.76737592714568
New York City MTA Rail,Transit,2022-07-16,30,2093270,2022,Saturday,0.7885062631759299
San Francisco BART Rail,Transit,2022-07-17,30,60271,2022,Sunday,0.500351636205365
WMATA Bus and Rail,Transit,2022-07-17,30,258000,2022,Sunday,0.568916635642487
New York City MTA Rail,Transit,2022-07-17,30,1674929,2022,Sunday,0.6309229133723777
WMATA Bus and Rail,Transit,2022-07-18,30,476000,2022,Monday,1.049629141727999
San Francisco BART Rail,Transit,2022-07-18,30,119572,2022,Monday,0.9926506254143437
New York City MTA Rail,Transit,2022-07-18,30,2725555,2022,Monday,1.0266794002352642
WMATA Bus and Rail,Transit,2022-07-19,30,534000,2022,Tuesday,1.1775251295856124
New York City MTA Rail,Transit,2022-07-19,30,3175609,2022,Tuesday,1.196208604670134
San Francisco BART Rail,Transit,2022-07-19,30,139269,2022,Tuesday,1.1561691696285938
New York City MTA Rail,Transit,2022-07-20,30,3197109,2022,Wednesday,1.20430736147565
WMATA Bus and Rail,Transit,2022-07-20,30,540000,2022,Wednesday,1.1907557490191587
San Francisco BART Rail,Transit,2022-07-20,30,141088,2022,Wednesday,1.171269958171302
New York City MTA Rail,Transit,2022-07-21,30,3115263,2022,Thursday,1.1734770894056843
WMATA Bus and Rail,Transit,2022-07-21,30,522000,2022,Thursday,1.15106389071852
San Francisco BART Rail,Transit,2022-07-21,30,145462,2022,Thursday,1.2075815849364506
New York City MTA Rail,Transit,2022-07-22,30,2948074,2022,Friday,1.1104992730541765
WMATA Bus and Rail,Transit,2022-07-22,30,487000,2022,Friday,1.0738852773561671
San Francisco BART Rail,Transit,2022-07-22,30,122926,2022,Friday,1.0204945202863849
New York City MTA Rail,Transit,2022-07-23,31,2028728,2022,Saturday,0.7641941719321338
San Francisco BART Rail,Transit,2022-07-23,30,83212,2022,Saturday,0.6908008885188703
WMATA Bus and Rail,Transit,2022-07-23,30,333000,2022,Saturday,0.7342993785618145
San Francisco BART Rail,Transit,2022-07-24,31,62716,2022,Sunday,0.5206492876550194
WMATA Bus and Rail,Transit,2022-07-24,31,261000,2022,Sunday,0.57553194535926
New York City MTA Rail,Transit,2022-07-24,31,1596201,2022,Sunday,0.6012671493823932
WMATA Bus and Rail,Transit,2022-07-25,31,468000,2022,Monday,1.031988315816604
New York City MTA Rail,Transit,2022-07-25,31,2733414,2022,Monday,1.0296397783624525
San Francisco BART Rail,Transit,2022-07-25,31,120450,2022,Monday,0.9999395162007636
San Francisco BART Rail,Transit,2022-07-26,31,145539,2022,Tuesday,1.2082208156774008
New York City MTA Rail,Transit,2022-07-26,31,3181480,2022,Tuesday,1.1984201303075843
WMATA Bus and Rail,Transit,2022-07-26,31,533000,2022,Tuesday,1.175320026346688
WMATA Bus and Rail,Transit,2022-07-27,31,539000,2022,Wednesday,1.1885506457802342
San Francisco BART Rail,Transit,2022-07-27,31,143217,2022,Wednesday,1.18894427307368
New York City MTA Rail,Transit,2022-07-27,31,3239463,2022,Wednesday,1.2202615356961535
New York City MTA Rail,Transit,2022-07-28,31,3158334,2022,Thursday,1.1897013477484926
WMATA Bus and Rail,Transit,2022-07-28,31,537000,2022,Thursday,1.1841404393023856
San Francisco BART Rail,Transit,2022-07-28,31,143962,2022,Thursday,1.195129038034822
San Francisco BART Rail,Transit,2022-07-29,31,127926,2022,Friday,1.0620030099584796
WMATA Bus and Rail,Transit,2022-07-29,31,506000,2022,Friday,1.1157822388957301
New York City MTA Rail,Transit,2022-07-29,31,2938378,2022,Friday,1.1068469220780703
New York City MTA Rail,Transit,2022-07-30,32,2074477,2022,Saturday,0.7814271963551828
WMATA Bus and Rail,Transit,2022-07-30,31,381000,2022,Saturday,0.8401443340301842
San Francisco BART Rail,Transit,2022-07-30,31,78366,2022,Saturday,0.6505708603286761
WMATA Bus and Rail,Transit,2022-07-31,32,275000,2022,Sunday,0.6064033907042011
San Francisco BART Rail,Transit,2022-07-31,32,58169,2022,Sunday,0.4829014671472164
New York City MTA Rail,Transit,2022-07-31,32,1649100,2022,Sunday,0.6211934813012301
WMATA Bus and Rail,Transit,2022-08-01,32,498000,2022,Monday,1.0981414129843352
San Francisco BART Rail,Transit,2022-08-01,32,122881,2022,Monday,1.020120943879336
New York City MTA Rail,Transit,2022-08-01,32,2744935,2022,Monday,1.03397958195112
WMATA Bus and Rail,Transit,2022-08-02,32,543000,2022,Tuesday,1.1973710587359316
New York City MTA Rail,Transit,2022-08-02,32,3076553,2022,Tuesday,1.158895560292125
San Francisco BART Rail,Transit,2022-08-02,32,143839,2022,Tuesday,1.1941079291888885
San Francisco BART Rail,Transit,2022-08-03,32,145258,2022,Wednesday,1.205888038557829
WMATA Bus and Rail,Transit,2022-08-03,32,548000,2022,Wednesday,1.2083965749305536
New York City MTA Rail,Transit,2022-08-03,32,3130208,2022,Wednesday,1.1791066671014254
San Francisco BART Rail,Transit,2022-08-04,32,147812,2022,Thursday,1.227090575082335
New York City MTA Rail,Transit,2022-08-04,32,3054485,2022,Thursday,1.150582845632398
WMATA Bus and Rail,Transit,2022-08-04,32,511000,2022,Thursday,1.126807755090352
New York City MTA Rail,Transit,2022-08-05,32,2826909,2022,Friday,1.0648580698755559
WMATA Bus and Rail,Transit,2022-08-05,32,466000,2022,Friday,1.0275781093387555
San Francisco BART Rail,Transit,2022-08-05,32,134628,2022,Friday,1.1176409895149555
New York City MTA Rail,Transit,2022-08-06,33,1999613,2022,Saturday,0.753226948472013
WMATA Bus and Rail,Transit,2022-08-06,32,341000,2022,Saturday,0.7519402044732094
San Francisco BART Rail,Transit,2022-08-06,32,93947,2022,Saturday,0.7799196158448579
WMATA Bus and Rail,Transit,2022-08-07,33,258000,2022,Sunday,0.568916635642487
San Francisco BART Rail,Transit,2022-08-07,33,73068,2022,Sunday,0.6065884646721245
New York City MTA Rail,Transit,2022-08-07,33,1542464,2022,Sunday,0.5810251542913228
San Francisco BART Rail,Transit,2022-08-08,33,122450,2022,Monday,1.0165429120696015
WMATA Bus and Rail,Transit,2022-08-08,33,471000,2022,Monday,1.0386036255333773
New York City MTA Rail,Transit,2022-08-08,33,2710924,2022,Monday,1.0211681020575198
San Francisco BART Rail,Transit,2022-08-09,33,145652,2022,Tuesday,1.2091589075439901
New York City MTA Rail,Transit,2022-08-09,33,3019719,2022,Tuesday,1.1374869675346972
WMATA Bus and Rail,Transit,2022-08-09,33,506000,2022,Tuesday,1.1157822388957301
New York City MTA Rail,Transit,2022-08-10,33,3140551,2022,Wednesday,1.1830027341544234
San Francisco BART Rail,Transit,2022-08-10,33,147210,2022,Wednesday,1.2220929529258149
WMATA Bus and Rail,Transit,2022-08-10,33,490000,2022,Wednesday,1.0805005870729403
WMATA Bus and Rail,Transit,2022-08-11,33,508000,2022,Thursday,1.1201924453735788
New York City MTA Rail,Transit,2022-08-11,33,3099390,2022,Thursday,1.1674979467650353
San Francisco BART Rail,Transit,2022-08-11,33,144980,2022,Thursday,1.2035801665320607
New York City MTA Rail,Transit,2022-08-12,33,2969335,2022,Friday,1.1185080018189242
San Francisco BART Rail,Transit,2022-08-12,33,132008,2022,Friday,1.0958905409267778
WMATA Bus and Rail,Transit,2022-08-12,33,501000,2022,Friday,1.1047567227011084
San Francisco BART Rail,Transit,2022-08-13,33,84889,2022,Saturday,0.7047228359548909
WMATA Bus and Rail,Transit,2022-08-13,33,347000,2022,Saturday,0.7651708239067556
New York City MTA Rail,Transit,2022-08-13,34,2090849,2022,Saturday,0.7875943054909924
New York City MTA Rail,Transit,2022-08-14,34,1679142,2022,Sunday,0.6325098930198958
WMATA Bus and Rail,Transit,2022-08-14,34,259000,2022,Sunday,0.5711217388814113
San Francisco BART Rail,Transit,2022-08-14,34,66211,2022,Sunday,0.5496637219358137
San Francisco BART Rail,Transit,2022-08-15,34,126944,2022,Monday,1.0538507425868802
New York City MTA Rail,Transit,2022-08-15,34,2773742,2022,Monday,1.0448307860114223
WMATA Bus and Rail,Transit,2022-08-15,34,469000,2022,Monday,1.0341934190555284
WMATA Bus and Rail,Transit,2022-08-16,34,527000,2022,Tuesday,1.1620894069131418
San Francisco BART Rail,Transit,2022-08-16,34,148889,2022,Tuesday,1.2360315037577043
New York City MTA Rail,Transit,2022-08-16,34,3052120,2022,Tuesday,1.1496919823837914
San Francisco BART Rail,Transit,2022-08-17,34,151381,2022,Wednesday,1.2567193350102763
New York City MTA Rail,Transit,2022-08-17,34,3080107,2022,Wednesday,1.160234303626395
WMATA Bus and Rail,Transit,2022-08-17,34,523000,2022,Wednesday,1.1532689939574443
San Francisco BART Rail,Transit,2022-08-18,34,155066,2022,Thursday,1.2873110918986101
WMATA Bus and Rail,Transit,2022-08-18,34,509000,2022,Thursday,1.1223975486125033
New York City MTA Rail,Transit,2022-08-18,34,3083762,2022,Thursday,1.1616110922833327
San Francisco BART Rail,Transit,2022-08-19,34,137325,2022,Friday,1.1400306688440836
WMATA Bus and Rail,Transit,2022-08-19,34,483000,2022,Friday,1.0650648644004697
New York City MTA Rail,Transit,2022-08-19,34,2923869,2022,Friday,1.1013815796366178
WMATA Bus and Rail,Transit,2022-08-20,34,333000,2022,Saturday,0.7342993785618145
New York City MTA Rail,Transit,2022-08-20,35,2040321,2022,Saturday,0.7685610969389407
San Francisco BART Rail,Transit,2022-08-20,34,88994,2022,Saturday,0.7388013059756808
New York City MTA Rail,Transit,2022-08-21,35,1620694,2022,Sunday,0.6104933284725097
San Francisco BART Rail,Transit,2022-08-21,35,61095,2022,Sunday,0.5071922353033262
New York City MTA Rail,Transit,2022-08-22,35,2628070,2022,Monday,0.9899581301336025
San Francisco BART Rail,Transit,2022-08-22,35,132599,2022,Monday,1.1007968444060194
San Francisco BART Rail,Transit,2022-08-23,35,156589,2022,Tuesday,1.2999545778527304
New York City MTA Rail,Transit,2022-08-23,35,2998518,2022,Tuesday,1.1295008399517323
New York City MTA Rail,Transit,2022-08-24,35,3026746,2022,Wednesday,1.1401339426078303
San Francisco BART Rail,Transit,2022-08-24,35,156797,2022,Wednesday,1.3016813310230895
New York City MTA Rail,Transit,2022-08-25,35,3097023,2022,Thursday,1.1666063301437024
San Francisco BART Rail,Transit,2022-08-25,35,158309,2022,Thursday,1.3142334982999309
San Francisco BART Rail,Transit,2022-08-26,35,137183,2022,Friday,1.138851827737396
New York City MTA Rail,Transit,2022-08-26,35,2868622,2022,Friday,1.0805707881373459
San Francisco BART Rail,Transit,2022-08-27,35,88791,2022,Saturday,0.7371160612949937
New York City MTA Rail,Transit,2022-08-27,35,2068756,2022,Saturday,0.7792721736721894
San Francisco BART Rail,Transit,2022-08-28,36,61428,2022,Sunday,0.5099567007154878
San Francisco BART Rail,Transit,2022-08-29,36,133945,2022,Monday,1.1119709298257474
San Francisco BART Rail,Transit,2022-08-30,36,155141,2022,Tuesday,1.2879337192436917
San Francisco BART Rail,Transit,2022-08-31,36,161236,2022,Wednesday,1.3385325681539753
San Francisco BART Rail,Transit,2022-09-01,36,159373,2022,Thursday,1.3230665049021526
San Francisco BART Rail,Transit,2022-09-02,36,138449,2022,Friday,1.1493617773223703
San Francisco BART Rail,Transit,2022-09-03,36,90241,2022,Saturday,0.7491535232999013
