"Agency","Mode","Date","Week Number","Current Ridership","Year"
"WMATA Bus and Rail","Transit","06/05/2022","24","266,000","2,022"
"WMATA Bus and Rail","Transit","06/06/2022","24","506,000","2,022"
"WMATA Bus and Rail","Transit","06/07/2022","24","536,000","2,022"
"WMATA Bus and Rail","Transit","06/08/2022","24","551,000","2,022"
"WMATA Bus and Rail","Transit","06/09/2022","24","539,000","2,022"
"WMATA Bus and Rail","Transit","06/10/2022","24","537,000","2,022"
"WMATA Bus and Rail","Transit","06/11/2022","24","389,000","2,022"
"New York City MTA Rail","Transit","06/25/2022","27","2,287,013","2,022"
"New York City MTA Rail","Transit","06/26/2022","27","2,012,595","2,022"
"New York City MTA Rail","Transit","06/27/2022","27","2,938,858","2,022"
"New York City MTA Rail","Transit","06/28/2022","27","3,255,241","2,022"
"New York City MTA Rail","Transit","06/29/2022","27","3,256,053","2,022"
"New York City MTA Rail","Transit","06/30/2022","27","3,157,979","2,022"
"New York City MTA Rail","Transit","07/01/2022","27","2,832,840","2,022"
"New York City MTA Rail","Transit","07/02/2022","28","1,849,135","2,022"
"New York City MTA Rail","Transit","07/03/2022","28","1,656,683","2,022"
"New York City MTA Rail","Transit","07/04/2022","28","1,610,232","2,022"
"New York City MTA Rail","Transit","07/05/2022","28","2,808,749","2,022"
"New York City MTA Rail","Transit","07/06/2022","28","3,072,910","2,022"
"New York City MTA Rail","Transit","07/07/2022","28","3,122,067","2,022"
"New York City MTA Rail","Transit","07/08/2022","28","2,907,947","2,022"
"New York City MTA Rail","Transit","07/09/2022","29","2,063,982","2,022"
"New York City MTA Rail","Transit","07/10/2022","29","1,683,057","2,022"
"New York City MTA Rail","Transit","07/11/2022","29","2,882,750","2,022"
"New York City MTA Rail","Transit","07/12/2022","29","3,155,100","2,022"
"New York City MTA Rail","Transit","07/13/2022","29","3,235,923","2,022"
"New York City MTA Rail","Transit","07/14/2022","29","3,209,517","2,022"
"New York City MTA Rail","Transit","07/15/2022","29","3,027,178","2,022"
"New York City MTA Rail","Transit","07/16/2022","30","2,093,270","2,022"
"New York City MTA Rail","Transit","07/17/2022","30","1,674,929","2,022"
"New York City MTA Rail","Transit","07/18/2022","30","2,725,555","2,022"
"New York City MTA Rail","Transit","07/19/2022","30","3,175,609","2,022"
"New York City MTA Rail","Transit","07/20/2022","30","3,197,109","2,022"
"New York City MTA Rail","Transit","07/21/2022","30","3,115,263","2,022"
"New York City MTA Rail","Transit","07/22/2022","30","2,948,074","2,022"
"New York City MTA Rail","Transit","07/23/2022","31","2,028,728","2,022"
"New York City MTA Rail","Transit","07/24/2022","31","1,596,201","2,022"
"New York City MTA Rail","Transit","07/25/2022","31","2,733,414","2,022"
"New York City MTA Rail","Transit","07/26/2022","31","3,181,480","2,022"
"New York City MTA Rail","Transit","07/27/2022","31","3,239,463","2,022"
"New York City MTA Rail","Transit","07/28/2022","31","3,158,334","2,022"
"New York City MTA Rail","Transit","07/29/2022","31","2,938,378","2,022"
"New York City MTA Rail","Transit","07/30/2022","32","2,074,477","2,022"
"New York City MTA Rail","Transit","07/31/2022","32","1,649,100","2,022"
"New York City MTA Rail","Transit","08/01/2022","32","2,744,935","2,022"
"New York City MTA Rail","Transit","08/02/2022","32","3,076,553","2,022"
"New York City MTA Rail","Transit","08/03/2022","32","3,130,208","2,022"
"New York City MTA Rail","Transit","08/04/2022","32","3,054,485","2,022"
"New York City MTA Rail","Transit","08/05/2022","32","2,826,909","2,022"
"New York City MTA Rail","Transit","08/06/2022","33","1,999,613","2,022"
"New York City MTA Rail","Transit","08/07/2022","33","1,542,464","2,022"
"New York City MTA Rail","Transit","08/08/2022","33","2,710,924","2,022"
"New York City MTA Rail","Transit","08/09/2022","33","3,019,719","2,022"
"New York City MTA Rail","Transit","08/10/2022","33","3,140,551","2,022"
"New York City MTA Rail","Transit","08/11/2022","33","3,099,390","2,022"
"New York City MTA Rail","Transit","08/12/2022","33","2,969,335","2,022"
"New York City MTA Rail","Transit","08/13/2022","34","2,090,849","2,022"
"New York City MTA Rail","Transit","08/14/2022","34","1,679,142","2,022"
"New York City MTA Rail","Transit","08/15/2022","34","2,773,742","2,022"
"New York City MTA Rail","Transit","08/16/2022","34","3,052,120","2,022"
"New York City MTA Rail","Transit","08/17/2022","34","3,080,107","2,022"
"New York City MTA Rail","Transit","08/18/2022","34","3,083,762","2,022"
"New York City MTA Rail","Transit","08/19/2022","34","2,923,869","2,022"
"New York City MTA Rail","Transit","08/20/2022","35","2,040,321","2,022"
"New York City MTA Rail","Transit","08/21/2022","35","1,620,694","2,022"
"New York City MTA Rail","Transit","08/22/2022","35","2,628,070","2,022"
"New York City MTA Rail","Transit","08/23/2022","35","2,998,518","2,022"
"New York City MTA Rail","Transit","08/24/2022","35","3,026,746","2,022"
"New York City MTA Rail","Transit","08/25/2022","35","3,097,023","2,022"
"New York City MTA Rail","Transit","08/26/2022","35","2,868,622","2,022"
"New York City MTA Rail","Transit","08/27/2022","35","2,068,756","2,022"
"WMATA Bus and Rail","Transit","06/12/2022","25","296,000","2,022"
"WMATA Bus and Rail","Transit","06/13/2022","25","518,000","2,022"
"WMATA Bus and Rail","Transit","06/14/2022","25","549,000","2,022"
"WMATA Bus and Rail","Transit","06/15/2022","25","572,000","2,022"
"WMATA Bus and Rail","Transit","06/16/2022","25","551,000","2,022"
"WMATA Bus and Rail","Transit","06/17/2022","25","543,000","2,022"
"WMATA Bus and Rail","Transit","06/18/2022","25","400,000","2,022"
"WMATA Bus and Rail","Transit","06/19/2022","26","305,000","2,022"
"WMATA Bus and Rail","Transit","06/20/2022","26","331,000","2,022"
"WMATA Bus and Rail","Transit","06/21/2022","26","536,000","2,022"
"WMATA Bus and Rail","Transit","06/22/2022","26","525,000","2,022"
"WMATA Bus and Rail","Transit","06/23/2022","26","507,000","2,022"
"WMATA Bus and Rail","Transit","06/24/2022","26","522,000","2,022"
"WMATA Bus and Rail","Transit","06/25/2022","26","363,000","2,022"
"WMATA Bus and Rail","Transit","06/26/2022","27","265,000","2,022"
"WMATA Bus and Rail","Transit","06/27/2022","27","459,000","2,022"
"WMATA Bus and Rail","Transit","06/28/2022","27","532,000","2,022"
"WMATA Bus and Rail","Transit","06/29/2022","27","522,000","2,022"
"WMATA Bus and Rail","Transit","06/30/2022","27","506,000","2,022"
"WMATA Bus and Rail","Transit","07/01/2022","27","483,000","2,022"
"WMATA Bus and Rail","Transit","07/02/2022","27","328,000","2,022"
"WMATA Bus and Rail","Transit","07/03/2022","28","298,000","2,022"
"WMATA Bus and Rail","Transit","07/04/2022","28","387,000","2,022"
"WMATA Bus and Rail","Transit","07/05/2022","28","481,000","2,022"
"WMATA Bus and Rail","Transit","07/06/2022","28","518,000","2,022"
"WMATA Bus and Rail","Transit","07/07/2022","28","508,000","2,022"
"WMATA Bus and Rail","Transit","07/08/2022","28","493,000","2,022"
"WMATA Bus and Rail","Transit","07/09/2022","28","278,000","2,022"
"WMATA Bus and Rail","Transit","07/10/2022","29","271,000","2,022"
"WMATA Bus and Rail","Transit","07/11/2022","29","496,000","2,022"
"WMATA Bus and Rail","Transit","07/12/2022","29","532,000","2,022"
"WMATA Bus and Rail","Transit","07/13/2022","29","558,000","2,022"
"WMATA Bus and Rail","Transit","07/14/2022","29","553,000","2,022"
"WMATA Bus and Rail","Transit","07/15/2022","29","520,000","2,022"
"WMATA Bus and Rail","Transit","07/16/2022","29","348,000","2,022"
"WMATA Bus and Rail","Transit","07/17/2022","30","258,000","2,022"
"WMATA Bus and Rail","Transit","07/18/2022","30","476,000","2,022"
"WMATA Bus and Rail","Transit","07/19/2022","30","534,000","2,022"
"WMATA Bus and Rail","Transit","07/20/2022","30","540,000","2,022"
"WMATA Bus and Rail","Transit","07/21/2022","30","522,000","2,022"
"WMATA Bus and Rail","Transit","07/22/2022","30","487,000","2,022"
"WMATA Bus and Rail","Transit","07/23/2022","30","333,000","2,022"
"WMATA Bus and Rail","Transit","07/24/2022","31","261,000","2,022"
"WMATA Bus and Rail","Transit","07/25/2022","31","468,000","2,022"
"WMATA Bus and Rail","Transit","07/26/2022","31","533,000","2,022"
"WMATA Bus and Rail","Transit","07/27/2022","31","539,000","2,022"
"WMATA Bus and Rail","Transit","07/28/2022","31","537,000","2,022"
"WMATA Bus and Rail","Transit","07/29/2022","31","506,000","2,022"
"WMATA Bus and Rail","Transit","07/30/2022","31","381,000","2,022"
"WMATA Bus and Rail","Transit","07/31/2022","32","275,000","2,022"
"WMATA Bus and Rail","Transit","08/01/2022","32","498,000","2,022"
"WMATA Bus and Rail","Transit","08/02/2022","32","543,000","2,022"
"WMATA Bus and Rail","Transit","08/03/2022","32","548,000","2,022"
"WMATA Bus and Rail","Transit","08/04/2022","32","511,000","2,022"
"WMATA Bus and Rail","Transit","08/05/2022","32","466,000","2,022"
"WMATA Bus and Rail","Transit","08/06/2022","32","341,000","2,022"
"WMATA Bus and Rail","Transit","08/07/2022","33","258,000","2,022"
"WMATA Bus and Rail","Transit","08/08/2022","33","471,000","2,022"
"WMATA Bus and Rail","Transit","08/09/2022","33","506,000","2,022"
"WMATA Bus and Rail","Transit","08/10/2022","33","490,000","2,022"
"WMATA Bus and Rail","Transit","08/11/2022","33","508,000","2,022"
"WMATA Bus and Rail","Transit","08/12/2022","33","501,000","2,022"
"WMATA Bus and Rail","Transit","08/13/2022","33","347,000","2,022"
"WMATA Bus and Rail","Transit","08/14/2022","34","259,000","2,022"
"WMATA Bus and Rail","Transit","08/15/2022","34","469,000","2,022"
"WMATA Bus and Rail","Transit","08/16/2022","34","527,000","2,022"
"WMATA Bus and Rail","Transit","08/17/2022","34","523,000","2,022"
"WMATA Bus and Rail","Transit","08/18/2022","34","509,000","2,022"
"WMATA Bus and Rail","Transit","08/19/2022","34","483,000","2,022"
"WMATA Bus and Rail","Transit","08/20/2022","34","333,000","2,022"
"San Francisco BART Rail","Transit","06/26/2022","27","133,905","2,022"
"San Francisco BART Rail","Transit","06/27/2022","27","121,117","2,022"
"San Francisco BART Rail","Transit","06/28/2022","27","143,650","2,022"
"San Francisco BART Rail","Transit","06/29/2022","27","146,086","2,022"
"San Francisco BART Rail","Transit","06/30/2022","27","139,546","2,022"
"San Francisco BART Rail","Transit","07/01/2022","27","123,370","2,022"
"San Francisco BART Rail","Transit","07/02/2022","27","77,333","2,022"
"San Francisco BART Rail","Transit","07/03/2022","28","60,912","2,022"
"San Francisco BART Rail","Transit","07/04/2022","28","61,609","2,022"
"San Francisco BART Rail","Transit","07/05/2022","28","124,095","2,022"
"San Francisco BART Rail","Transit","07/06/2022","28","137,052","2,022"
"San Francisco BART Rail","Transit","07/07/2022","28","135,560","2,022"
"San Francisco BART Rail","Transit","07/08/2022","28","123,809","2,022"
"San Francisco BART Rail","Transit","07/09/2022","28","79,350","2,022"
"San Francisco BART Rail","Transit","07/10/2022","29","60,609","2,022"
"San Francisco BART Rail","Transit","07/11/2022","29","122,995","2,022"
"San Francisco BART Rail","Transit","07/12/2022","29","145,279","2,022"
"San Francisco BART Rail","Transit","07/13/2022","29","145,043","2,022"
"San Francisco BART Rail","Transit","07/14/2022","29","144,092","2,022"
"San Francisco BART Rail","Transit","07/15/2022","29","126,737","2,022"
"San Francisco BART Rail","Transit","07/16/2022","29","83,108","2,022"
"San Francisco BART Rail","Transit","07/17/2022","30","60,271","2,022"
"San Francisco BART Rail","Transit","07/18/2022","30","119,572","2,022"
"San Francisco BART Rail","Transit","07/19/2022","30","139,269","2,022"
"San Francisco BART Rail","Transit","07/20/2022","30","141,088","2,022"
"San Francisco BART Rail","Transit","07/21/2022","30","145,462","2,022"
"San Francisco BART Rail","Transit","07/22/2022","30","122,926","2,022"
"San Francisco BART Rail","Transit","07/23/2022","30","83,212","2,022"
"San Francisco BART Rail","Transit","07/24/2022","31","62,716","2,022"
"San Francisco BART Rail","Transit","07/25/2022","31","120,450","2,022"
"San Francisco BART Rail","Transit","07/26/2022","31","145,539","2,022"
"San Francisco BART Rail","Transit","07/27/2022","31","143,217","2,022"
"San Francisco BART Rail","Transit","07/28/2022","31","143,962","2,022"
"San Francisco BART Rail","Transit","07/29/2022","31","127,926","2,022"
"San Francisco BART Rail","Transit","07/30/2022","31","78,366","2,022"
"San Francisco BART Rail","Transit","07/31/2022","32","58,169","2,022"
"San Francisco BART Rail","Transit","08/01/2022","32","122,881","2,022"
"San Francisco BART Rail","Transit","08/02/2022","32","143,839","2,022"
"San Francisco BART Rail","Transit","08/03/2022","32","145,258","2,022"
"San Francisco BART Rail","Transit","08/04/2022","32","147,812","2,022"
"San Francisco BART Rail","Transit","08/05/2022","32","134,628","2,022"
"San Francisco BART Rail","Transit","08/06/2022","32","93,947","2,022"
"San Francisco BART Rail","Transit","08/07/2022","33","73,068","2,022"
"San Francisco BART Rail","Transit","08/08/2022","33","122,450","2,022"
"San Francisco BART Rail","Transit","08/09/2022","33","145,652","2,022"
"San Francisco BART Rail","Transit","08/10/2022","33","147,210","2,022"
"San Francisco BART Rail","Transit","08/11/2022","33","144,980","2,022"
"San Francisco BART Rail","Transit","08/12/2022","33","132,008","2,022"
"San Francisco BART Rail","Transit","08/13/2022","33","84,889","2,022"
"San Francisco BART Rail","Transit","08/14/2022","34","66,211","2,022"
"San Francisco BART Rail","Transit","08/15/2022","34","126,944","2,022"
"San Francisco BART Rail","Transit","08/16/2022","34","148,889","2,022"
"San Francisco BART Rail","Transit","08/17/2022","34","151,381","2,022"
"San Francisco BART Rail","Transit","08/18/2022","34","155,066","2,022"
"San Francisco BART Rail","Transit","08/19/2022","34","137,325","2,022"
"San Francisco BART Rail","Transit","08/20/2022","34","88,994","2,022"
"San Francisco BART Rail","Transit","08/21/2022","35","61,095","2,022"
"San Francisco BART Rail","Transit","08/22/2022","35","132,599","2,022"
"San Francisco BART Rail","Transit","08/23/2022","35","156,589","2,022"
"San Francisco BART Rail","Transit","08/24/2022","35","156,797","2,022"
"San Francisco BART Rail","Transit","08/25/2022","35","158,309","2,022"
"San Francisco BART Rail","Transit","08/26/2022","35","137,183","2,022"
"San Francisco BART Rail","Transit","08/27/2022","35","88,791","2,022"
"San Francisco BART Rail","Transit","08/28/2022","36","61,428","2,022"
"San Francisco BART Rail","Transit","08/29/2022","36","133,945","2,022"
"San Francisco BART Rail","Transit","08/30/2022","36","155,141","2,022"
"San Francisco BART Rail","Transit","08/31/2022","36","161,236","2,022"
"San Francisco BART Rail","Transit","09/01/2022","36","159,373","2,022"
"San Francisco BART Rail","Transit","09/02/2022","36","138,449","2,022"
"San Francisco BART Rail","Transit","09/03/2022","36","90,241","2,022"
